ParticipantID,BirthDate,Education,Institution,Ethnicity,Gender,Language,Major,Order,Condition,Passage,PassageType,PretestScore,PretestScoreRatio,PreviewTime,Session,Recall,RecallScoreRatio,RecallreText,RecognitionScore,RecognitionScoreRatio,Duration,Readability,Learnability,Feedback1,Feedback2
1,2002-03-08,Current undergraduate student,,White / Caucasian,Female,English,Psychology,0,Hybrid Map,The Hearing of the Barn Owl,ACT Natural Sciences,5,0.5,104,Immediately,14,0.1,The troughs are longer than they are wide. The right ear is tilted downwards and the left ear is tilted upwards to allow the owl to determine where a sound is coming from vertically. The scariest part of an owl is its face. An owl is 3x better than humans at hearing sounds horizontally. The midbrain of the owl is triggered by certain sounds.,8,0.8,25.888199999999998,Linear Text,Linear Text,Because it was easier to look at in terms of where to look next. It matched the format of most readings I have done up until now so I was much more used to it and felt more comfortable reading it. I was also able to get through it faster and follow along with the content more easily.,It is easier for someone to look back to for retrieving information. It is also easier to read in a more efficient manner allowing someone to re-read it multiple times if they need to memorize and learn it.
1,2002-03-08,Current undergraduate student,,White / Caucasian,Female,English,Psychology,1,Linear Text,How to Watch Television,ACT Social Sciences,2,0.2222222222222222,64,Immediately,7,0.125,"""Talking hairdos"" refers to the value of appearance on tv news broadcasters. They will not hire people if they are not attractive enough for example they won't hire a man if he is bald or a woman if she is over 50.",6,0.6666666666666666,25.888199999999998,Linear Text,Linear Text,Because it was easier to look at in terms of where to look next. It matched the format of most readings I have done up until now so I was much more used to it and felt more comfortable reading it. I was also able to get through it faster and follow along with the content more easily.,It is easier for someone to look back to for retrieving information. It is also easier to read in a more efficient manner allowing someone to re-read it multiple times if they need to memorize and learn it.
2,2001-04-20,Current undergraduate student,,White / Caucasian,Female,English,Neuroscience,0,Linear Text,How to Watch Television,ACT Social Sciences,2,0.2222222222222222,236,Immediately,14,0.25,"The statement ""Now... this"" is used when the information that is about to be presented is completely different from the previous segment. Television has become more of a means of entertainment, rather than an accurate portrayal of the news for several reasons. First, TV segments are very short and tend to lack connection between information presented. Next, television tends to relay news using ""talking hairdos"", which describes the use of conventionally attractive news anchors to present the information. This is problematic, as seen in the anecdote regarding Christine. Christine was originally hired as a news anchor, but was ultimately fired, as viewers did not find her attractive, and thus did not believe the information she was sharing was credible.",9,1,30.884,Linear Text,Linear Text,"It is easier to organize the information in my brain when the material is presented in the first format. When the paragraphs are spaced out, it becomes more difficult to organize my thoughts and remember the location of the information in the passage.","When the information is presented in a vertical orientation, the flow of the article is more natural and allows for greater comprehension because I can focus more on the information in the article instead of following arrows. When presented horizontally, I spend more mental energy focusing on which section to read next, rather than on reading comprehension."
2,2001-04-20,Current undergraduate student,,White / Caucasian,Female,English,Neuroscience,0,Linear Text,How to Watch Television,ACT Social Sciences,2,0.2222222222222222,236,After 3 Days,12,0.21428571428571427,"Television has primarily become a source of entertainment, rather than a quality source of news. This is because news segments tend to be quick and disjointed and not meant to hold the attention of the viewers for long periods of time. News anchors are called ""talking hairdos"", as it has become more important for the anchors to be attractive than qualified in order to build credibility for the network. In fact, a news anchor named Christine was fired from her job after viewers complained about her attractiveness taking away from story credibility. The term ""now... this"" is meant to indicate that the next segment will be completely unrelated from the previous segment.",9,1,12.040883333333333,Linear Text,Linear Text,"Passage one was organized in a way that was easier to read due to the vertical format. It was easier to focus mental energy on reading and understanding the passage, rather than focusing on what to read next.","I find the vertical orientation of passage 1 to be more helpful for my academic learning because it was easier to mentally organize and store the information I read. I did not have to spend time skimming through sections disjointed and connected by arrows, so I could better focus on understanding and retaining the information."
2,2001-04-20,Current undergraduate student,,White / Caucasian,Female,English,Neuroscience,0,Linear Text,How to Watch Television,ACT Social Sciences,2,0.2222222222222222,236,After 1 Week,12,0.21428571428571427,"The phrase ""Now... this"" tells the viewers that the information about to be presented is completely different from the previous segment. Television has become more of a source of entertainment rather than a reliable news source. News anchors are deemed trustworthy by their attractiveness, hence the nickname, ""talking hairdos"". This is demonstrated in the case of a woman named Christine, who was hired as a news anchor, only to be fired because viewers did not find her attractive, and thus did not find her to be a credible news source.",9,1,12.191316666666667,Linear Text,Linear Text,"Passage one was easier to read because I could focus my mental energy on understanding the material, rather than trying to select which segment to read next.","While reading passage one, I was able to read the passage easier in the vertical direction because the story seemed to flow better. I am used to that format and it made it easier for me to summarize and categorize main ideas as I read."
2,2001-04-20,Current undergraduate student,,White / Caucasian,Female,English,Neuroscience,1,Hybrid Map,The Hearing of the Barn Owl,ACT Natural Sciences,4,0.4,64,Immediately,30,0.21428571428571427,"Barn owls hunt from the air, which means they must make use of their incredible hearing, both azimuth (horizontal) and elevation (vertical) to hunt small ground animals. Barn owl hearing is very accurate and they can detect very subtle changes in sound, even changing the orientation of their talons as they swoop down to capture prey that may be changing direction. The most visually striking feature is the face and they have thin feathers that allow for sound transparency. Barn owls and humans have roughly equal abilities to recognize azimuth, but owls are three times more accurate than humans while hearing elevation. Individual neurons in the owls' brains recognize sounds coming from a very small area. Their troughs are roughly 2cm wide, but 9cm long.",10,1,30.884,Linear Text,Linear Text,"It is easier to organize the information in my brain when the material is presented in the first format. When the paragraphs are spaced out, it becomes more difficult to organize my thoughts and remember the location of the information in the passage.","When the information is presented in a vertical orientation, the flow of the article is more natural and allows for greater comprehension because I can focus more on the information in the article instead of following arrows. When presented horizontally, I spend more mental energy focusing on which section to read next, rather than on reading comprehension."
2,2001-04-20,Current undergraduate student,,White / Caucasian,Female,English,Neuroscience,1,Hybrid Map,The Hearing of the Barn Owl,ACT Natural Sciences,4,0.4,64,After 3 Days,25,0.17857142857142858,"Barn owls hunt from the air, requiring a very keen sense of hearing. This is demonstrated by both their ability to hear in azimuth (horizontal direction) and in elevation (vertical direction). In fact, barn owls and humans can hear about the same in azimuth, but their elevation hearing is three times better than human elevation hearing. Owls have neurons that correspond to specific locations in space. Their face is their most striking feature. They have troughs that are 2cm wide and 9cm long. They can change the direction of their talons to match the orientation of the prey they are swooping down to catch, making them deadly predators.",10,1,12.040883333333333,Linear Text,Linear Text,"Passage one was organized in a way that was easier to read due to the vertical format. It was easier to focus mental energy on reading and understanding the passage, rather than focusing on what to read next.","I find the vertical orientation of passage 1 to be more helpful for my academic learning because it was easier to mentally organize and store the information I read. I did not have to spend time skimming through sections disjointed and connected by arrows, so I could better focus on understanding and retaining the information."
2,2001-04-20,Current undergraduate student,,White / Caucasian,Female,English,Neuroscience,1,Hybrid Map,The Hearing of the Barn Owl,ACT Natural Sciences,4,0.4,64,After 1 Week,21,0.15,"Barn owls hunt from the sky, which requires them to have excellent hearing. These owls have excellent hearing in the azimuth (horizontal plane) and in elevation (vertical plane). Barn owls and humans can hear roughly the same in azimuth, but barn owls can hear three times better than humans in elevation. Barn owls have neurons that code for small, individual areas of space. Their most striking feature is their face and they have throughs longer than they are wide. Barn owls can pick up on small changes in sound while swooping down, so they are able to change the orientation of their talons to match the orientation of their prey.",10,1,12.191316666666667,Linear Text,Linear Text,"Passage one was easier to read because I could focus my mental energy on understanding the material, rather than trying to select which segment to read next.","While reading passage one, I was able to read the passage easier in the vertical direction because the story seemed to flow better. I am used to that format and it made it easier for me to summarize and categorize main ideas as I read."
3,2001-05-19,Current undergraduate student,University of Michigan,White / Caucasian,Female,English,Political Science and Government,0,Linear Text,The Hearing of the Barn Owl,ACT Natural Sciences,6,0.6,248,Immediately,33,0.2357142857142857,"The barn owl has the same level of azimuth as a human being, but excels better in the elevation department. The owl has one side of the ears longer than the other side, with the length being higher than the width. The troughs of the owl allows it to navigate its prey. better and identify them even if it were in a dark experimental room, as the owl turns its head to the location of the prey. The neurons in the owls brains help it navigate a horizontal  and vertical spacing, and creates a visual map of some sort of the spacing and distance. The owl uses this advantage (exploits it) to catch its prey more accurately and efficiently. Since the neurons work to detect sound, the barn owl has a thin layering of feathers around its ears to detect sound better and allow access to the brain. The most distinguished feature of the barn owl is its face that is both visually striking and advantageous to its hunting methods. Its small skull and the structure of the feathers allow it to be",10,1,39.63023333333333,Hybrid Map,Hybrid Map,"Passage 2 had a more sensible flow as it allowed the reader to read the conclusion and understand it by only going through a paragraph or two instead if the entirety of the passage. The second passage's usage of arrows or pointers dictated the flow of events and the thought process of the author more accurately. With the first paragraph, there were pieces of information that only added on to the general knowledge of the topic rather than the author's stance, and in contrast, the second passage illustrated which were the standalones and which were the paragraphs that added to the thesis ","Passage 2 allows one to distinguish the proper flow of information and accomplished that through a mind-map visualization that I, personally, prefer for memory recall. The choice of headers and their division through the space facilitated the process of organizing my thoughts about the topic, and permitted me to categorize the information into two categories : thesis-related and general information. "
3,2001-05-19,Current undergraduate student,University of Michigan,White / Caucasian,Female,English,Political Science and Government,0,Linear Text,The Hearing of the Barn Owl,ACT Natural Sciences,6,0.6,248,After 3 Days,26,0.18571428571428572,The barn owl has the aszithum of a human being but its elevation is higher than humans. It is known for its distinct face and small skull and has feathers that are very thin to allow sound waves to pass through. The owl navigates both the horizontal and vertical planes and is able to locate frequencies of animals and identify their positions even in a dark experimental room. It has one ear that is shorter than the other and its ear's length is higher than its width. The owl's neuron activity allow it to navigate and take advantage of its troughs to attack prey. ,8,0.8,12.8578,Hybrid Map,Hybrid Map,Because it was easier to navigate and presented a more natural flow ,The information and language used helped with the overall comprehension of the passage 
3,2001-05-19,Current undergraduate student,University of Michigan,White / Caucasian,Female,English,Political Science and Government,0,Linear Text,The Hearing of the Barn Owl,ACT Natural Sciences,6,0.6,248,After 1 Week,26,0.18571428571428572,"The owl is known to have three times the elevation as a human but the same azimuth as a human, and this is due to the fact that it needs to navigate a vertical and horizontal plane in order to hunt effectively. The most visually striking feature of the owl is its face and the feather structure on it as it assists it with its flight and sound detection. Its ears, which are are tall than wide, have lighter feathers coating them to maximize sound entry to detect frequencies of their mobile prey. This feature is what makes them deadly hunters and they exploit this feature even in an experimental dark room. The bar owls ears also tilt according to the sound and its detection to allow for an effective hunting attempting as it hunts from above ",8,0.8,14.8354,Hybrid Map,Hybrid Map,The passage was easier to navigate and had a better flow,Its flow helped me recall the information by the relevancy of the subtopic rather than bombard me with information like in the first passage
3,2001-05-19,Current undergraduate student,University of Michigan,White / Caucasian,Female,English,Political Science and Government,1,Hybrid Map,How to Watch Television,ACT Social Sciences,6,0.6666666666666666,121,Immediately,12,0.21428571428571427,"The talking hairdos that the author mentions are used to emphasize the point that television is more geared towards entertainment rather than journalism and world-news. He mentions that the appearance of the news anchors matter more today than before because the cables are trying to appeal to Ana audience rather than educate them and this was evident through three main arguments. The now... this shows that news anchor present information in a manner that is irrelevant to the main story and give a subconscious heads up to the viewer about the ""boring content"" of what is going to appear on their television. The second argument is about the airtime and duration of the news blocks as they are designed for acccessblity by allowing the viewer to choose what they watch and during shorted increments that tak away from the depth of the news. The third argument is that the news anchors as supposed to appear pretty and young to attract viewers rather than attract people to learn new world events and their jobs depend o",9,1,39.63023333333333,Hybrid Map,Hybrid Map,"Passage 2 had a more sensible flow as it allowed the reader to read the conclusion and understand it by only going through a paragraph or two instead if the entirety of the passage. The second passage's usage of arrows or pointers dictated the flow of events and the thought process of the author more accurately. With the first paragraph, there were pieces of information that only added on to the general knowledge of the topic rather than the author's stance, and in contrast, the second passage illustrated which were the standalones and which were the paragraphs that added to the thesis ","Passage 2 allows one to distinguish the proper flow of information and accomplished that through a mind-map visualization that I, personally, prefer for memory recall. The choice of headers and their division through the space facilitated the process of organizing my thoughts about the topic, and permitted me to categorize the information into two categories : thesis-related and general information. "
3,2001-05-19,Current undergraduate student,University of Michigan,White / Caucasian,Female,English,Political Science and Government,1,Hybrid Map,How to Watch Television,ACT Social Sciences,6,0.6666666666666666,121,After 3 Days,10,0.17857142857142858,The author refers to television anchors as hairdos because he wants to emphasize that people care more about the news anchor than they do about actual news. He claims that the face and appearance of a news anchor is what attracts television viewers to news networks. Television news networks now try to pose news as a form of entertainment rather than journalism and informative. The Now... this chows that what it is about to appear on the screen is completely irrelevant to the discourse before it thus making news pieces into blocks of information that allows the viewer to choose what to watch rather than a steady flow of a bigger story filled with important information. The ads and the the structure of the program allows people to walk away from the tv and decide to have it in as a background rather than invest in the educational and informative news,9,1,12.8578,Hybrid Map,Hybrid Map,Because it was easier to navigate and presented a more natural flow ,The information and language used helped with the overall comprehension of the passage 
3,2001-05-19,Current undergraduate student,University of Michigan,White / Caucasian,Female,English,Political Science and Government,1,Hybrid Map,How to Watch Television,ACT Social Sciences,6,0.6666666666666666,121,After 1 Week,10,0.17857142857142858,"The author describes them to be talking hairdos to criticize anchors who attempt to turn news into entertainment and provide nothing educational to their viewers. He uses the example of a famous female anchor to demonstrate that viewers relate the credibility of the news based on the physical appearance of the anchor, as the target prettier and younger women. Television news has also become less informative by adding in advertisements and making the segments shorter to fit the viewer's schedule, where the viewer can turn on the news as a form of background noise as they accomplish their chores or for them to pick and choose which news to hear. The latter point is shown through the Now... this analogy that the author mentions as a cue for useless information that is irrelevant to the piece before it. The shortening of the news segments also takes away from its journalistic purpose and turns what is supposed to be something that is primary and educational to something that is secondary and monetizes off of the lack of knowledge of its viewers. ",9,1,14.8354,Hybrid Map,Hybrid Map,The passage was easier to navigate and had a better flow,Its flow helped me recall the information by the relevancy of the subtopic rather than bombard me with information like in the first passage
4,1992-02-02,"Doctoral degree (MD, Ph.D., ...)",,Asian - White / Caucasian,Male,English,Computer Science,0,Hybrid Map,The Hearing of the Barn Owl,ACT Natural Sciences,3,0.3,103,Immediately,14,0.1,The barn owl is very good at catching the prey and is sensitive to very subtle changes in sound around him. Its because of his anatomy from the structure of his face to the fluff to how his neural structures in the brain work and also the position of his ears. His feet also make him a good hunter because of the shape of his feet which kind of wrap the prey with force,9,0.9,36.17391666666666,Linear Text,Both,It was in streamlined one direction top to bottom,"If you are learning about some topic or story, the second format will be more beneficial. But if its a a structure you are learning about like an building architecture or a map. The second one will be more beneficial"
4,1992-02-02,"Doctoral degree (MD, Ph.D., ...)",,Asian - White / Caucasian,Male,English,Computer Science,1,Linear Text,How to Watch Television,ACT Social Sciences,5,0.5555555555555556,114,Immediately,4,0.07142857142857142,The format of television has arrived at an unpleasant maturity in which the span of time required for absorbing a thought is not given to people rather the anchors are constantly talking and getting over what has been previously said.,8,0.8888888888888888,36.17391666666666,Linear Text,Both,It was in streamlined one direction top to bottom,"If you are learning about some topic or story, the second format will be more beneficial. But if its a a structure you are learning about like an building architecture or a map. The second one will be more beneficial"
5,1995-01-22,"Master's degree (MS, MA, ME, MBA, MPH, ...)",University of Michigan,Asian,Female,Korean,Information Sciences,0,Hybrid Map,How to Watch Television,ACT Social Sciences,1,0.1111111111111111,107,Immediately,2,0.03571428571428571,TV might not be a suitable medium to deliver the news.,8,0.8888888888888888,33.96835,Hybrid Map,Linear Text,Because of the topic,
5,1995-01-22,"Master's degree (MS, MA, ME, MBA, MPH, ...)",University of Michigan,Asian,Female,Korean,Information Sciences,0,Hybrid Map,How to Watch Television,ACT Social Sciences,1,0.1111111111111111,107,After 3 Days,2,0.03571428571428571,TV is not a suitable way to deliver reliable news.,7,0.7777777777777778,7.540966666666667,Hybrid Map,Linear Text,"
",
5,1995-01-22,"Master's degree (MS, MA, ME, MBA, MPH, ...)",University of Michigan,Asian,Female,Korean,Information Sciences,0,Hybrid Map,How to Watch Television,ACT Social Sciences,1,0.1111111111111111,107,After 1 Week,2,0.03571428571428571,People often get distracted by appearance displayed on TV.,7,0.7777777777777778,7.657933333333333,Hybrid Map,Linear Text,,
5,1995-01-22,"Master's degree (MS, MA, ME, MBA, MPH, ...)",University of Michigan,Asian,Female,Korean,Information Sciences,1,Linear Text,The Hearing of the Barn Owl,ACT Natural Sciences,2,0.2,85,Immediately,0,0,Nth.,4,0.4,33.96835,Hybrid Map,Linear Text,Because of the topic,
5,1995-01-22,"Master's degree (MS, MA, ME, MBA, MPH, ...)",University of Michigan,Asian,Female,Korean,Information Sciences,1,Linear Text,The Hearing of the Barn Owl,ACT Natural Sciences,2,0.2,85,After 3 Days,1,0.007142857142857143,Characteristics of owl,3,0.3,7.540966666666667,Hybrid Map,Linear Text,"
",
5,1995-01-22,"Master's degree (MS, MA, ME, MBA, MPH, ...)",University of Michigan,Asian,Female,Korean,Information Sciences,1,Linear Text,The Hearing of the Barn Owl,ACT Natural Sciences,2,0.2,85,After 1 Week,0,0,N/A ,4,0.4,7.657933333333333,Hybrid Map,Linear Text,,
6,1999-06-14,"Master's degree (MS, MA, ME, MBA, MPH, ...)",,Hispanic or Latino,Male,English,Cognitive Science and Biopsychology,0,Hybrid Map,The Hearing of the Barn Owl,ACT Natural Sciences,5,0.5,68,Immediately,14,0.1,Barn Owls have long talons that when used to hunt prey they can readjust their talons last second to make up up for any slight change of the movement of the prey. They are also efficient with vertical hearing and are at the level of human ability to hear in a horizontal matter. The barn owl also wider throughs compared to length. Barn owls are also efficient hunters in the night with their ability to hear and hunt efficiently. ,8,0.8,34.52225,Hybrid Map,Hybrid Map,The second passage felt bloated and a lot of the information it was trying to convey could've been done a lot quicker. ,"Passage 1 had more clear topics for me, it could also be that I find reading more about passages on animal anatomy more enticing compared to a passage about television. I also found the first passage easier to skim through compared to the second passage."
6,1999-06-14,"Master's degree (MS, MA, ME, MBA, MPH, ...)",,Hispanic or Latino,Male,English,Cognitive Science and Biopsychology,1,Linear Text,How to Watch Television,ACT Social Sciences,3,0.3333333333333333,78,Immediately,6,0.10714285714285714,"Now this was a passage focused on the reasoning of its term, mostly used to move to the next topic that really didn't have much relevance to the prior. The next topic was focused on bringing the short timing of television in order to keep the people watching interested before they wander off. This would tie in to news and why many news articles in television had to be short, which would leave off major emotional and informational ties to the news as it was more of a quick summary. The next tie in would be news anchors having to be pretty or attractive in order for people to trust them with the news. The halo effect was in full display. The article brings up an example from news anchor that was fired because people didn't like her as much from her appearance. ",8,0.8888888888888888,34.52225,Hybrid Map,Hybrid Map,The second passage felt bloated and a lot of the information it was trying to convey could've been done a lot quicker. ,"Passage 1 had more clear topics for me, it could also be that I find reading more about passages on animal anatomy more enticing compared to a passage about television. I also found the first passage easier to skim through compared to the second passage."
7,2000-01-07,"Bachelor's degree (BS, BA, BE, ...",,White / Caucasian - Asian,Female,English,Psychology,0,Hybrid Map,Conservationist  and Diplomat: The Grey Areas of Panda Conservation,ACT Social Sciences,4,0.5,150,Immediately,13,0.325,"- Dr. Wang is a conservationist that helped build more interactive and livelier habitats for the National Zoo in Washington, DC. 
- Critics stated that Dr. Wang was too focused on aiding Zoos rather than actual conservation efforts
- Dr. Wang argued that both are important especially as pandas are popular to the public and building Zoos in a way that informs people about their endangered habitats is beneficial to conservation efforts. 
- There was also a section about how they were able to build wildlife corridors (characterized as river-like) which helped increase the population of pandas in the wild. ",7,0.875,41.78345,Linear Text,Both,Passage 2 seemed easier to navigate to me as it was more familiar. Those types of knowledge representation formats have been more commonly used in my studies and day-to-day life. ,"Passage 2 seemed more familiar to me and that is why I likely had an easier time following it, but I did think that visually looking at how the topics branch off into sub-topics was helpful and interesting. "
7,2000-01-07,"Bachelor's degree (BS, BA, BE, ...",,White / Caucasian - Asian,Female,English,Psychology,0,Hybrid Map,Conservationist  and Diplomat: The Grey Areas of Panda Conservation,ACT Social Sciences,4,0.5,150,After 3 Days,18,0.45,"- Dr. Wang is a conservationist researcher that has helped design an exhibit for pandas in the National Zoo. 
- Critics claimed that too much money is spent in developing Zoos rather than ""actual"" conservationist research.
- Dr. Wang argues that zoos can also be a part of conservation as it gives an opportunity to the general public to see endangered animals (i.e. icon ones such as pandas) in habitats that mimic ones in the wild as well as informs them about their habitat.
- He however does not deny that their natural habitat conservation in unimportant - wildlife corridors placed in natural environments have greatly helped increase the population of pandas in the wild.
",7,0.875,20.22758333333333,Linear Text,Both,"The second passage knowledge representation format was more familiar to me and that is why I believe I had an easier time navigating and skimming through the passage. The first passage made it difficult to skim and skip through because I felt I couldn't jump from one section to another quite as easily. However, I did feel like I could easily visualize the passage in my head for passage 1 whereas when I was imagining passage 2, it felt more muddled and not as clear.","For me personally, I think because I am used to the way passage 2 was formatted, it would take less time for me to navigate the text. However, I did like the fact that I was able to visualize the passage in passage 1. I also feel like I had a slightly easier time recalling the text in passage 1 because I was able to visualize which topics were where. "
7,2000-01-07,"Bachelor's degree (BS, BA, BE, ...",,White / Caucasian - Asian,Female,English,Psychology,0,Hybrid Map,Conservationist  and Diplomat: The Grey Areas of Panda Conservation,ACT Social Sciences,4,0.5,150,After 1 Week,17,0.425,"- Dr. Wang is a conservationist that has helped the National Zoo in Washington, DC design a new panda exhibit. 
- Critics of Dr. Wang stated that his work has focused too much on bettering zoos rather than actually bettering the lives of endangered species in their natural habitats.
- While Dr. Wang agrees that the destruction of species' natural habitats is the biggest threat to that species, he states that showing the general public these endangered animals (such as pandas) in Zoos is also very important for their conservation
- Wildlife corridors in pandas' natural habitat has helped increase their population. ",7,0.875,18.5874,Linear Text,Hybrid Map,"Since I was more familiar with the more ""traditional"" knowledge representation format (passage 2), it was easier for me to follow along and navigate. It took a longer time to read through and navigate the first passage. I think I had to do a lot more back and forth reading to grasp the whole picture of the passage. ","Especially after considering my scores and experiencing it during recall, I can tell that I retained more information on passage 1 than passage 2. It could be that since it was a newer format of reading that I may have taken more time on reading through the passage, but I also feel I could visualize all of the different subtopics in my head a lot better compared to passage 2. During this second recall session, I had to think a lot harder to remember the content of passage 2. "
7,2000-01-07,"Bachelor's degree (BS, BA, BE, ...",,White / Caucasian - Asian,Female,English,Psychology,1,Linear Text,The Jaws That Jump,ACT Natural Sciences,3,0.3333333333333333,64,Immediately,11,0.125,"- The passage was about a specific ant that had a few interesting behaviors and characteristics: one being its jaw. 
- Their jaw was very powerful and allowed them to fend off predators in two different ways - escape jumping and bounce defending (?) 
- To escape jump, they would use their mandibles to propel themselves up into the air when approached by a predator or intruder.
- To defend, they would use their mandible to propel both themselves and the intruder. 
- Scientists believed that the escape jump may have evolved into what it is by accident, unlike the bounce defending. ",9,1,41.78345,Linear Text,Both,Passage 2 seemed easier to navigate to me as it was more familiar. Those types of knowledge representation formats have been more commonly used in my studies and day-to-day life. ,"Passage 2 seemed more familiar to me and that is why I likely had an easier time following it, but I did think that visually looking at how the topics branch off into sub-topics was helpful and interesting. "
7,2000-01-07,"Bachelor's degree (BS, BA, BE, ...",,White / Caucasian - Asian,Female,English,Psychology,1,Linear Text,The Jaws That Jump,ACT Natural Sciences,3,0.3333333333333333,64,After 3 Days,15,0.17045454545454544,"- A specific species of ant has a very strong mandible that has some interesting characteristics. 
- The force and strength of their mandible allows them to hit it on the ground to perform an ""escape jump"" that helps them escape from intruders or predators.
- They are also capable of defending their nest/territory via bouncing (?) defense. In this defensive move, the ants not only propel themselves back away from the intruder or predator, they also use the strength of their jaw to propel the intruder or defender away from themselves.
- In order to not hurt themselves, the ant's jaw also has a mechanism to slow itself down before completely closing so that it does not hurt itself.
- Unlike the bouncing defense, scientists are not quite sure how the escape jump came to evolve.
",9,1,20.22758333333333,Linear Text,Both,"The second passage knowledge representation format was more familiar to me and that is why I believe I had an easier time navigating and skimming through the passage. The first passage made it difficult to skim and skip through because I felt I couldn't jump from one section to another quite as easily. However, I did feel like I could easily visualize the passage in my head for passage 1 whereas when I was imagining passage 2, it felt more muddled and not as clear.","For me personally, I think because I am used to the way passage 2 was formatted, it would take less time for me to navigate the text. However, I did like the fact that I was able to visualize the passage in passage 1. I also feel like I had a slightly easier time recalling the text in passage 1 because I was able to visualize which topics were where. "
7,2000-01-07,"Bachelor's degree (BS, BA, BE, ...",,White / Caucasian - Asian,Female,English,Psychology,1,Linear Text,The Jaws That Jump,ACT Natural Sciences,3,0.3333333333333333,64,After 1 Week,12,0.13636363636363635,"- This passage was about ants that have unique characteristics with their mandible
- They utilize their jaws by slamming them on the ground to escape from predators (escape jump) as well as to prevent predators from attacking their nest (bouncing jump). 
- The bouncing jump allows them to propel both themselves and the intruder away from the initial area of contact. 
- Researchers are unsure of how the escape jump evolved and may have evolved by accident, unlike the bouncing jump. 
",9,1,18.5874,Linear Text,Hybrid Map,"Since I was more familiar with the more ""traditional"" knowledge representation format (passage 2), it was easier for me to follow along and navigate. It took a longer time to read through and navigate the first passage. I think I had to do a lot more back and forth reading to grasp the whole picture of the passage. ","Especially after considering my scores and experiencing it during recall, I can tell that I retained more information on passage 1 than passage 2. It could be that since it was a newer format of reading that I may have taken more time on reading through the passage, but I also feel I could visualize all of the different subtopics in my head a lot better compared to passage 2. During this second recall session, I had to think a lot harder to remember the content of passage 2. "
8,2000-11-14,Current undergraduate student,University of Delaware,White / Caucasian,Female,English,Mechanical Engineering,0,Linear Text,How to Watch Television,ACT Social Sciences,2,0.2222222222222222,104,Immediately,8,0.14285714285714285,"Television currently follows a ""now... this"" model which is very harmful to the way we consume news. Generally we listen to a story for anywhere from 45 seconds to 90 seconds and completely forgo the consequences and context of the issue. We simply move on to the next problem. Also we have a very high focus on news casters being attractive and ""trustable"". There was a Kentucky newscaster who was fired because she did not fit the brand of the station. This leads to a lot of talking hairdos being the main people we listen to about news and not who is trustworthy.",9,1,34.2619,Linear Text,Hybrid Map,When I was answering questions about the second paragraph I noticed it took me a lot longer and I had to reference back a lot more. However I did find it easier to find sections and to follow my logic when looking for certain pieces of information. I thought it was easier to read the first paragraph but easier to navigate the second paragraph,I think it would be more helpful to write papers in the second style because you would have to draw connections which means you better understand the material. You would only be able to write a format like passage 2 if you really understood what was connected and how.
8,2000-11-14,Current undergraduate student,University of Delaware,White / Caucasian,Female,English,Mechanical Engineering,0,Linear Text,How to Watch Television,ACT Social Sciences,2,0.2222222222222222,104,After 3 Days,8,0.14285714285714285,"This passage discussed news media and the current issue surrounding how its presented. It starts by explaining the issues with how short each news story is. This doesn't give viewers the ability to think about the context and consequences of each story and instead immediately shuffles them to the next story with a ""now... then"". It also touches on the fact that News is given by ""talking hairdos"" which is to say we get all our news from people who look good. This attracts more viewers because they look presentable and believable but it is unfair to everyone in media. They gave a story about a news anchor in Kentucky that was fired because of how she looked.",9,1,12.566683333333334,Linear Text,Hybrid Map,It is what I am used to so I can more easily follow what is going on from beginning to end. Also there was a story aspect which made it feel easier to follow.,I think if I were writing the paper then passage 2 would be more helpful in my learning process. Drawing connections between stories is a great way to show that you really know material and are able to understand what it all means
8,2000-11-14,Current undergraduate student,University of Delaware,White / Caucasian,Female,English,Mechanical Engineering,1,Hybrid Map,The Hearing of the Barn Owl,ACT Natural Sciences,4,0.4,63,Immediately,22,0.15714285714285714,Barn owls have a great sense of where their prey is based on their hearing. They have azimuth hearing (horizontal) and vertical hearing. Their hearing is actually 3x better then humans vertically. This is important since they hunt at night while flying and need to be able to pin point exactly where their prey is. To help aid this process they have a specially constructed facial features which improve this as much as possible. They have troughs which are more long then wide that funnel high frequency sounds into their ear canals. They also are able to detect sounds above them with one ear and sounds below them with the other ear.,9,0.9,34.2619,Linear Text,Hybrid Map,When I was answering questions about the second paragraph I noticed it took me a lot longer and I had to reference back a lot more. However I did find it easier to find sections and to follow my logic when looking for certain pieces of information. I thought it was easier to read the first paragraph but easier to navigate the second paragraph,I think it would be more helpful to write papers in the second style because you would have to draw connections which means you better understand the material. You would only be able to write a format like passage 2 if you really understood what was connected and how.
8,2000-11-14,Current undergraduate student,University of Delaware,White / Caucasian,Female,English,Mechanical Engineering,1,Hybrid Map,The Hearing of the Barn Owl,ACT Natural Sciences,4,0.4,63,After 3 Days,20,0.14285714285714285,The barn owl paper talked about barn owls and how deadly they were and why. Barn owls have vertical and horizontal hearing. Their horizontal hearing is 3x better then humans. They hear sounds above them out of one ear and sounds below them out of the other ear. Barn owls have a very striking face. These feathers help them hear high frequencies better. They also have troughs which are longer then they are wide which travel along the side of their face. Barn owls have deadly talons.  ,8,0.8,12.566683333333334,Linear Text,Hybrid Map,It is what I am used to so I can more easily follow what is going on from beginning to end. Also there was a story aspect which made it feel easier to follow.,I think if I were writing the paper then passage 2 would be more helpful in my learning process. Drawing connections between stories is a great way to show that you really know material and are able to understand what it all means
9,2000-12-11,Current undergraduate student,"University of California, Berkeley",White / Caucasian - Asian,Female,English,Psychology,0,Linear Text,Conservationist  and Diplomat: The Grey Areas of Panda Conservation,ACT Social Sciences,6,0.75,243,Immediately,12,0.3,"Wang is a researcher at the National Zoo. He enhanced the Panda exhibit there and installed Decision Makers that help visitors learn more about the pandas' habitat. Critics claim that too much money is spent on the panda exhibit. Bao Bao has been drawing more visitors to the zoo, so much so that the zoo had to extend its hours. The exhibit includes a panda grotto and other features. ",5,0.625,38.2539,Hybrid Map,Hybrid Map,Passage 2 was laid out in a sort of map that was easier to follow. I was able to more easily retrieve information from the passage when answering the test questions.,"Passage 2 provided the information in an order that made sense to me. Passage 1 felt like the information was given all at once, whereas Passage 2 split the information into sections that followed a more understandable path."
9,2000-12-11,Current undergraduate student,"University of California, Berkeley",White / Caucasian - Asian,Female,English,Psychology,0,Linear Text,Conservationist  and Diplomat: The Grey Areas of Panda Conservation,ACT Social Sciences,6,0.75,243,After 3 Days,14,0.35,"Wang is a researcher at the National Zoo and worked on a panda exhibit. A panda named Bao Bao has drawn a lot of visitors to the zoo, and the zoo had to extend its hours to accommodate all the guests. The exhibit has a panda grove. Visitors can have an immersive experience at the exhibit and learn about the pandas' natural habitat. A criticism of Wang's research is that too much money is being spent on studying a single species. Wang witnessed a mother panda caring for its offspring and felt a sense of joy. ",4,0.5,16.032866666666667,Hybrid Map,Hybrid Map,It was organized into a map of different sections and each area of the map was related to the previous one.,"Passage 1 laid out the information all at once, while Passage 2 was more organized. When I was answering the questions about passage 2, it was easier for me to go back and find the section in which I thought the answer might be."
9,2000-12-11,Current undergraduate student,"University of California, Berkeley",White / Caucasian - Asian,Female,English,Psychology,0,Linear Text,Conservationist  and Diplomat: The Grey Areas of Panda Conservation,ACT Social Sciences,6,0.75,243,After 1 Week,13,0.325,This passage was about the panda exhibit at the National Zoo. Wang is a researcher who worked on the exhibit. The exhibit contains a station where visitors can learn more about the pandas' natural habitat. Bao Bao is a panda at the exhibit that has drawn more visitors to the zoo. The zoo had to extend its hours in order to accommodate the increased number of guests. Critics of the panda exhibit say that too much money is being spent on a single exhibit and area of research. The exhibit includes a grotto for the pandas. ,4,0.5,18.161983333333332,Hybrid Map,Hybrid Map,"Passage 2 presented the information in a map format. It was easier to read at the time. I think I was able to remember more information from Passage 1 for the 3 days later and today's follow-up sessions because there were details about Bao Bao that were less ""scientific."" From my memory, Passage 2 did not have much information that was less ""scientific."" I think my written response score from the first session shows how I was better able to comprehend the information in Passage 2, though my memory of the passage was not as good.",I found Passage 2 easier to go back into in order to find information that helped me answer the test questions. I performed consistently better on the test questions for Passage 2. 
9,2000-12-11,Current undergraduate student,"University of California, Berkeley",White / Caucasian - Asian,Female,English,Psychology,1,Hybrid Map,The Jaws That Jump,ACT Natural Sciences,5,0.5555555555555556,74,Immediately,19,0.2159090909090909,"The passage was about trap-jaw ants. These ants have powerful mandibles that get up to high speed to attack their prey. The mandible decelerates right before closing so the ants' jaws do not break. The bounce defense (?) probably evolved accidentally. In addition to the bounce defense, another defense that these ants use is the escape jump. During one of their defenses, the ants propel both themselves and their intruders in different directions. These ants are from Central and South America. ",7,0.7777777777777778,38.2539,Hybrid Map,Hybrid Map,Passage 2 was laid out in a sort of map that was easier to follow. I was able to more easily retrieve information from the passage when answering the test questions.,"Passage 2 provided the information in an order that made sense to me. Passage 1 felt like the information was given all at once, whereas Passage 2 split the information into sections that followed a more understandable path."
9,2000-12-11,Current undergraduate student,"University of California, Berkeley",White / Caucasian - Asian,Female,English,Psychology,1,Hybrid Map,The Jaws That Jump,ACT Natural Sciences,5,0.5555555555555556,74,After 3 Days,13,0.14772727272727273,"This passage was about trap-jaw ants. They have two defense mechanisms. In one of their defense mechanisms, they jump on their predator and send both themselves and the predators flying in opposite directions. Their jaws decelerate right before they close in order to prevent the jaw from breaking. Their jaws can snap down at high speeds. They evolved accidentally. ",7,0.7777777777777778,16.032866666666667,Hybrid Map,Hybrid Map,It was organized into a map of different sections and each area of the map was related to the previous one.,"Passage 1 laid out the information all at once, while Passage 2 was more organized. When I was answering the questions about passage 2, it was easier for me to go back and find the section in which I thought the answer might be."
9,2000-12-11,Current undergraduate student,"University of California, Berkeley",White / Caucasian - Asian,Female,English,Psychology,1,Hybrid Map,The Jaws That Jump,ACT Natural Sciences,5,0.5555555555555556,74,After 1 Week,12,0.13636363636363635,"This passage was about trap-jaw ants. These ants have jaws that close at high speeds to capture their prey. The jaws decelerate before closing so that the jaws do not break. The ants have two primary defense mechanisms. In one of their defense mechanisms, the ant and its predator are swung in different directions. Scientists believe that these ants' mandibles evolved by accident. ",6,0.6666666666666666,18.161983333333332,Hybrid Map,Hybrid Map,"Passage 2 presented the information in a map format. It was easier to read at the time. I think I was able to remember more information from Passage 1 for the 3 days later and today's follow-up sessions because there were details about Bao Bao that were less ""scientific."" From my memory, Passage 2 did not have much information that was less ""scientific."" I think my written response score from the first session shows how I was better able to comprehend the information in Passage 2, though my memory of the passage was not as good.",I found Passage 2 easier to go back into in order to find information that helped me answer the test questions. I performed consistently better on the test questions for Passage 2. 
10,1998-04-20,Current Master's student,University of Michigan,Asian,Male,Chinese,Computer and Information Systems,0,Linear Text,The Hearing of the Barn Owl,ACT Natural Sciences,0,0,252,Immediately,9,0.06428571428571428,"Locating through sound.
Body features cooperate perfectly with its sound detection ability.
Humans are surprisingly the type of animal with best sound detection ability.
Smooth hunter.",6,0.6,64.01363333333333,Hybrid Map,Hybrid Map,"1. P2 is organized through the logic deduction of the author. Whereas P1 seemed rigid and I had to put into more efforts to understanding the whole structure and details of the passage.
2. P2 is Similar to a dictionary through which I could easily find the information I need. However, for P1, it is very hard to locate the phrases or sentences I was looking for.","Easier to read, refer and review."
10,1998-04-20,Current Master's student,University of Michigan,Asian,Male,Chinese,Computer and Information Systems,0,Linear Text,The Hearing of the Barn Owl,ACT Natural Sciences,0,0,252,After 3 Days,11,0.07857142857142857,"1. Talons cooperates well with the sound tracking ability
2. Striking facial features
3. 3 times the vertical sound tracking ability than human",8,0.8,24.113716666666665,Hybrid Map,Hybrid Map,"1. Organized in a more readable pattern
2.Cheat in the sequence of reading
3.It is related with social phenomenon rather than knowledges about nature, which makes the passage more understandable based on my own experience with TV programs rather than owls.","Its more like a mind map, where I could easily find spots that I would like to recall. The title of each paragraph is more like road mark rather than a simple title."
10,1998-04-20,Current Master's student,University of Michigan,Asian,Male,Chinese,Computer and Information Systems,0,Linear Text,The Hearing of the Barn Owl,ACT Natural Sciences,0,0,252,After 1 Week,4,0.02857142857142857,Talon and striking facial features.,9,0.9,8.17155,Hybrid Map,Hybrid Map,Easy to find my answer,Easy to find the information
10,1998-04-20,Current Master's student,University of Michigan,Asian,Male,Chinese,Computer and Information Systems,1,Hybrid Map,How to Watch Television,ACT Social Sciences,3,0.3333333333333333,62,Immediately,6,0.10714285714285714,"Explain the meaning and context of the Now...this phrase and why TV proves to be the best nourishment for this phrase.
Reporters are much more like actors.
A female reporter fired for unexplainable reason with superficial connection from audiences feedbacks.",7,0.7777777777777778,64.01363333333333,Hybrid Map,Hybrid Map,"1. P2 is organized through the logic deduction of the author. Whereas P1 seemed rigid and I had to put into more efforts to understanding the whole structure and details of the passage.
2. P2 is Similar to a dictionary through which I could easily find the information I need. However, for P1, it is very hard to locate the phrases or sentences I was looking for.","Easier to read, refer and review."
10,1998-04-20,Current Master's student,University of Michigan,Asian,Male,Chinese,Computer and Information Systems,1,Hybrid Map,How to Watch Television,ACT Social Sciences,3,0.3333333333333333,62,After 3 Days,7,0.125,"1.A critic judging the media industry for its overemphasis on image and every news runs short lived.
2.A reporter fired because she is unwelcome however nobody could tell exactly what was wrong with her.
3.TV staffs are like actors rather than a faithful truth teller.
4.Now...that statement: the context and the phenomenon ",5,0.5555555555555556,24.113716666666665,Hybrid Map,Hybrid Map,"1. Organized in a more readable pattern
2.Cheat in the sequence of reading
3.It is related with social phenomenon rather than knowledges about nature, which makes the passage more understandable based on my own experience with TV programs rather than owls.","Its more like a mind map, where I could easily find spots that I would like to recall. The title of each paragraph is more like road mark rather than a simple title."
10,1998-04-20,Current Master's student,University of Michigan,Asian,Male,Chinese,Computer and Information Systems,1,Hybrid Map,How to Watch Television,ACT Social Sciences,3,0.3333333333333333,62,After 1 Week,0,0,"Women journalist
Now...that
",6,0.6666666666666666,8.17155,Hybrid Map,Hybrid Map,Easy to find my answer,Easy to find the information
12,2002-01-14,Current undergraduate student,,Not listed (Please specify) - Middle Eastern ,Male,English,General Business,0,Linear Text,How to Watch Television,ACT Social Sciences,2,0.2222222222222222,172,Immediately,10,0.17857142857142858,"The appearance of a tv worker is very important. the main goal of tv is to entertain. Christine Craft is an example of someone who was hired and also fired for her looks, proving how much looks matter in the business. TV shows still have the historical principle of ""banishing"" its workers. The amount of air time a topic gets will determine its ""value"" to the viewers. ",8,0.8888888888888888,69.27953333333333,Linear Text,Both,It had more of a chronological order rather than splitting up into different paths,Passage one provides a passage of reading you will see more often so it is good to be accustomed to it. Passage two teaches you to adjust to a bit of a different format. 
12,2002-01-14,Current undergraduate student,,Not listed (Please specify) - Middle Eastern ,Male,English,General Business,0,Linear Text,How to Watch Television,ACT Social Sciences,2,0.2222222222222222,172,After 3 Days,11,0.19642857142857142,"That the looks of a news cast member matters, you can be fired or hired based on just that aspect alone. TV and news stills goes by the ancient principle of ""banishing"" members. News and TV is watched for entertainment. The amount of air time an event is given in the news will decide how ""important"" it is. People applying to be on a news station front desk crew who are conventionally unattractive will not be picked for the job. Appearance of the person delivering the news on a news channel will either make people think that person is credible or not. When the statement ""now this"" is said, this means the switching to a  topics that is not connected. ",8,0.8888888888888888,18.018633333333334,Linear Text,Both,It was chronological in order making it easier to read,The first was helpful to become more accustomed to the more traditional display of information. The second forced me to adapt to a different style of information being displayed. 
12,2002-01-14,Current undergraduate student,,Not listed (Please specify) - Middle Eastern ,Male,English,General Business,1,Hybrid Map,The Hearing of the Barn Owl,ACT Natural Sciences,4,0.4,68,Immediately,22,0.15714285714285714,The azimuth of sounds refers to sound from a horizontal direction. Owls and humans have the same capacity to hear azimuth sounds but owl are 3 times better at identifying horizontal sound. The owl trough is longer than wide. An owls neurons are excited by a particular region of area. Owls feathers are auditorically transparent letting sounds travel through them unfiltered. An owl adjusts its talons to the turns of its prey even in the dark. ,10,1,69.27953333333333,Linear Text,Both,It had more of a chronological order rather than splitting up into different paths,Passage one provides a passage of reading you will see more often so it is good to be accustomed to it. Passage two teaches you to adjust to a bit of a different format. 
12,2002-01-14,Current undergraduate student,,Not listed (Please specify) - Middle Eastern ,Male,English,General Business,1,Hybrid Map,The Hearing of the Barn Owl,ACT Natural Sciences,4,0.4,68,After 3 Days,16,0.11428571428571428,"Owls troughs are longer than they are wide. Owls redirect their claws to the turning of its prey when chasing. Owls feathers are audio transparent, meaning sounds can travel and pass through them. An owls hearing horizontally is similar in capability to humans but is 3 times better for hearing of the vertical direction. Owls neurons are excited depending on the area of sounds. The sunken eyes of an owl allow it to better capture sound. ",10,1,18.018633333333334,Linear Text,Both,It was chronological in order making it easier to read,The first was helpful to become more accustomed to the more traditional display of information. The second forced me to adapt to a different style of information being displayed. 
13,2000-02-14,"Bachelor's degree (BS, BA, BE, ...",University of Michigan,Asian,Female,Chinese,Information Sciences,0,Linear Text,The Hearing of the Barn Owl,ACT Natural Sciences,3,0.3,151,Immediately,12,0.08571428571428572,"The Barn Owl has a very good hearing ability, it can hear from two direction axis - horizontal and vertical, which is better than most the species
It can catch even in the darkness
The part on their body for hearing is in the size of 2cm*8cm
Their left ear and right ear can hear different things
Their facial expression ",7,0.7,74.9469,Hybrid Map,Hybrid Map,"Because it clearly shows the hierarchical structure of the passage, allowing me to know how those paragraphs are connected and what is the relationship between them.","For the representation format of passage 2, it offers me a quick way to know the information from a glance. It is comfortable to read and I can concentrate more on the context. This form may not be as effective in training my reading skills as the first format, but it helps people who want to spend less time understanding a new area. As a graduate student studying in an interdisciplinary area, it is helpful for me to have structured knowledge to learn quickly.

====================================

Some other thoughts:
The two formats are helpful in different contexts and for different purposes.

For the representation format of passage 1, it trains the ability to summarize information and find the logic chain between paragraphs. This might make the reading process more frustrated at the beginning - since the reader needs to figure out and summarize a lot of things by themselves. But I believe this will ultimately improve their ability in seizing information and grow my reading skills. This is more like a student context, like for students before the undergraduate study (?)."
13,2000-02-14,"Bachelor's degree (BS, BA, BE, ...",University of Michigan,Asian,Female,Chinese,Information Sciences,0,Linear Text,The Hearing of the Barn Owl,ACT Natural Sciences,3,0.3,151,After 3 Days,11,0.07857142857142857,"The barn owl has a super good hearing ability, it can hear from two axis dimensions (vertically and horizontally). Its hearing ability is better than humans. Its ear is in the dimension of 2cm*8cm. It can catch animals in the dark based on its hearing ability when flying in the air. There is something outside the ear to shelter it. The left ear and right ear of a barn owl hear different things. ",5,0.5,26.172466666666665,Hybrid Map,Hybrid Map,"It is more organized with a visualized structure. When I recall, I recall following the image of the structure visualization in my memory.","First, I feel more confident to learn the content at the first glance. The knowledge is more clear and more organized, and I can clearly know how much information is presented. Second, it is better for me to recall the knowledge. The image of the mind map is in my memory, and I can recall following the map. For example, even if I don't remember the details of the example offered at the last of passage 2, I know there was an example supporting the author's argument. "
13,2000-02-14,"Bachelor's degree (BS, BA, BE, ...",University of Michigan,Asian,Female,Chinese,Information Sciences,0,Linear Text,The Hearing of the Barn Owl,ACT Natural Sciences,3,0.3,151,After 1 Week,12,0.08571428571428572,"The barn owl has a very great hearing ability, greater than most creatures including humans. It can hear from both horizontal and vertical directions, and the things they hear from these directions are different. its ear size is 2cm*8cm, and there is something covers over their ears to protect them. it can pray in the dark high from the sky. Its facial looking is special.",5,0.5,18.410433333333334,Hybrid Map,Hybrid Map,The structure is clear. And also I think the topic of passage two is originally more familiar to me.,"I think the shape/picture of the mindmap is in my memory. When I recall, I can recall more comprehensively in an organized way. "
13,2000-02-14,"Bachelor's degree (BS, BA, BE, ...",University of Michigan,Asian,Female,Chinese,Information Sciences,1,Hybrid Map,How to Watch Television,ACT Social Sciences,5,0.5555555555555556,78,Immediately,13,0.23214285714285715,"1. a very popular sentence in television is ""now... this"", it often appears when a topic has been discussed for a few seconds and then shifts to another topic
2. people are not expected to focus on the other TV for a long time, they can always walk away
3. news reporters are expected to have a good appearance
4. people do not like actors and performers to report the news, decreasing the credibility. The author believes this is a serious problem.
5. televisions are for entertaining the users
6. televisions rely more on images than words
...
There is an example, but 
",9,1,74.9469,Hybrid Map,Hybrid Map,"Because it clearly shows the hierarchical structure of the passage, allowing me to know how those paragraphs are connected and what is the relationship between them.","For the representation format of passage 2, it offers me a quick way to know the information from a glance. It is comfortable to read and I can concentrate more on the context. This form may not be as effective in training my reading skills as the first format, but it helps people who want to spend less time understanding a new area. As a graduate student studying in an interdisciplinary area, it is helpful for me to have structured knowledge to learn quickly.

====================================

Some other thoughts:
The two formats are helpful in different contexts and for different purposes.

For the representation format of passage 1, it trains the ability to summarize information and find the logic chain between paragraphs. This might make the reading process more frustrated at the beginning - since the reader needs to figure out and summarize a lot of things by themselves. But I believe this will ultimately improve their ability in seizing information and grow my reading skills. This is more like a student context, like for students before the undergraduate study (?)."
13,2000-02-14,"Bachelor's degree (BS, BA, BE, ...",University of Michigan,Asian,Female,Chinese,Information Sciences,1,Hybrid Map,How to Watch Television,ACT Social Sciences,5,0.5555555555555556,78,After 3 Days,12,0.21428571428571427,"The author believes that television shows aim to entertain people instead of offering serious news. There is a phrase (probably ""next... this"", I can't remember the exact words) that indicates that the host is going to transfer one content to another. Both contents do not play for a long time. People are not expected to sit in front of TV for a long time, they can leave at any time. People do not like actors to be the news host, which they believe decreases credibility. In other words, the news host's appearance influences their credibility. The passage also offered an example at the last, but I cannot remember the content clearly. ",9,1,26.172466666666665,Hybrid Map,Hybrid Map,"It is more organized with a visualized structure. When I recall, I recall following the image of the structure visualization in my memory.","First, I feel more confident to learn the content at the first glance. The knowledge is more clear and more organized, and I can clearly know how much information is presented. Second, it is better for me to recall the knowledge. The image of the mind map is in my memory, and I can recall following the map. For example, even if I don't remember the details of the example offered at the last of passage 2, I know there was an example supporting the author's argument. "
13,2000-02-14,"Bachelor's degree (BS, BA, BE, ...",University of Michigan,Asian,Female,Chinese,Information Sciences,1,Hybrid Map,How to Watch Television,ACT Social Sciences,5,0.5555555555555556,78,After 1 Week,11,0.19642857142857142,"the author believes that the goal of television is entertaining users. TVs rely more on images than sound. Viewers are not expected to sit in front of TVs for a long period of time. There is a transition phrase, transiting news with different, unconnected content. The appearance of the news reporter influences the credibility of the news to viewers. people do not like actors (?) to be news reporters. I remember there is an example at the end of this passage, but I cannot clearly remember the content of the example, probably for supporting appearance's influences on news credibility.",9,1,18.410433333333334,Hybrid Map,Hybrid Map,The structure is clear. And also I think the topic of passage two is originally more familiar to me.,"I think the shape/picture of the mindmap is in my memory. When I recall, I can recall more comprehensively in an organized way. "
14,2000-11-11,Current undergraduate student,University of Michigan,Asian,Female,Chinese,Liberal Arts,0,Linear Text,How to Watch Television,ACT Social Sciences,2,0.2222222222222222,120,Immediately,12,0.21428571428571427,"""Now...this"" in television is an indication of transferring topics in a short interval- the television doesn't expect their audiences to spend too much time on a single topic. Television is presenting news without context and focuses more and quantity than quality, showing that news are turning into a form of entertainment. The newscasters are selected based on their looks instead of personalities. The story of Christine Craft, who is fired from TV station due to her look, is a vivid example of the unreliable nature of modern TV news.",9,1,49.49216666666667,Both,Hybrid Map,The first article has less sub-arguments while the second passage has a more well-structured representation form.,"Academic learning usually are more wide-ranged and contains many sub-points under a topic, which requires a more structured way of writing."
14,2000-11-11,Current undergraduate student,University of Michigan,Asian,Female,Chinese,Liberal Arts,0,Linear Text,How to Watch Television,ACT Social Sciences,2,0.2222222222222222,120,After 3 Days,15,0.26785714285714285,"News on television today does no intend to make their audiences focus on the same content for too long time, and the class ""now...that"" always indicates a transfer of focus during the show. News on TV are more similar to entertainment in recent days. Moreover, the newscasters are not selected based on their comprehensive abilities but on their appearances, the people who looks with more credibility would be more likely to get the role. The case of Christine Craft is an example of this phenomenon, in which she is fired due to her look on the show. The television is not a serious medium for news. ",9,1,30.561716666666666,Hybrid Map,Hybrid Map,"Passage two's structure has a visual feature in comparison with passage one's, and therefore leaves a deeper impression while I read. When I was comprehending passage two I could easily recall the structure of that passage, like how many big branches there are in the first level and what they are about. This kind of structure has the function of building and reactivating my memory about the passage's central points, making it easier to read.","In academic learning process I need to go over multiple papers with many dense arguments, and applying passage 2's format of representation helps me organizes the content in sequence. I consider this format will makes my learning process more effective as I can easily skip contents that are not so important and remember essential arguments in a logic sequence. "
14,2000-11-11,Current undergraduate student,University of Michigan,Asian,Female,Chinese,Liberal Arts,1,Hybrid Map,The Hearing of the Barn Owl,ACT Natural Sciences,5,0.5,65,Immediately,22,0.15714285714285714,"The barn owl are good at hunting from the air with high accuracy, which is the result of their multiple biological features. Barn owls are extraordinarily accurate in both the distance and the elevation of the sound, and thanks to their special neuron functions, they could map the sound they hear spatially even in the dark and adjust their positions. They also have very visually striking faces with their troughs surround their faces with acoustically transparent feathers. ",8,0.8,49.49216666666667,Both,Hybrid Map,The first article has less sub-arguments while the second passage has a more well-structured representation form.,"Academic learning usually are more wide-ranged and contains many sub-points under a topic, which requires a more structured way of writing."
14,2000-11-11,Current undergraduate student,University of Michigan,Asian,Female,Chinese,Liberal Arts,1,Hybrid Map,The Hearing of the Barn Owl,ACT Natural Sciences,5,0.5,65,After 3 Days,25,0.17857142857142858,"The barn owls are hunters who can catch their preys with great accuracy from the air. Barn owls are visually striking animals with troughs around their faces and ""acoustically transparent"" feathers.  They can sense the position of their preys by their extraordinary acoustic sensation. They could hear both the distance of the sound and the elevation of the sound, and the neurons in their brain would be activated by sound in different location, therefore constructing a spatial map of where their preys are. The barns owls are able of differentiating very minimal movements of their preys even within the dark, and adjust their bodies' concentrations due to the preys' movements. ",7,0.7,30.561716666666666,Hybrid Map,Hybrid Map,"Passage two's structure has a visual feature in comparison with passage one's, and therefore leaves a deeper impression while I read. When I was comprehending passage two I could easily recall the structure of that passage, like how many big branches there are in the first level and what they are about. This kind of structure has the function of building and reactivating my memory about the passage's central points, making it easier to read.","In academic learning process I need to go over multiple papers with many dense arguments, and applying passage 2's format of representation helps me organizes the content in sequence. I consider this format will makes my learning process more effective as I can easily skip contents that are not so important and remember essential arguments in a logic sequence. "
15,1999-03-05,"Bachelor's degree (BS, BA, BE, ...",University of Michigan,Asian,Female,English,Information Sciences,0,Linear Text,The Hearing of the Barn Owl,ACT Natural Sciences,5,0.5,255,Immediately,22,0.15714285714285714,"Barn owls can hear in both vertical and horizontal dimensions. Their faces are the most striking feature, and they are able to pick up on sounds so acutely that they can even figure out if an animal as small as a mouse has turned its body in the dark. Each individual neuron in their brain is focused on one dimension(?)/aspect(??) of sound. Though barn owls are the same as humans in terms of hearing acuity for the horizontal dimension of sound, they are 3 times better at the vertical dimension of sound (elevation). The feathers on their face are called troughs, which are 2 cm wide and 9 cm long. Prior to the discovery of the barn owl, it was thought that humans had the best hearing ability (I think). ",10,1,44.3579,Hybrid Map,Both,"The second passage was easier to go through because of chunking, and I think it was faster to scroll horizontally than vertically. ","If I were reading digitally, I'd prefer the second passage. But if I were reading it on a physical document, I'd prefer the format of the first passage. For physical documents, I'd be able to highlight + add visual flairs to important information to bring information to my attention, and I don't really like to have too much white space for physical academic documents. "
15,1999-03-05,"Bachelor's degree (BS, BA, BE, ...",University of Michigan,Asian,Female,English,Information Sciences,0,Linear Text,The Hearing of the Barn Owl,ACT Natural Sciences,5,0.5,255,After 3 Days,27,0.19285714285714287,"The barn owl hears in two dimensions  horizontal and vertical. Vertical is based off of elevation and horizontal is based off the azimuth. The barn owl is three times better than humans in hearing through the vertical dimension, but the same as humans in hearing through the horizontal. Previously, it was believed that humans had the best hearing acuity. The barn owl's most distinct feature is its face. It has face feathers called ""troughs"" that are two inches wide and nine inches long. Its face feathers are also acoustically transparent so that it can hear better. The barn owl's hearing is so good that it can detect subtle movement of small animals (like mice) moving in the dark, such that it can rotate its talons at a moments notice to better catch its prey. The neurons in the barn owl's brains are focused on only one aspect of sound each. ",10,1,17.987783333333333,Hybrid Map,Both,"Passage 2 is easier to read in an online format where I can freely zoom in/out of the text and pan around the area. It also chunks the information into sizable paragraphs, and also makes the entire passage feel shorter by occasionally stacking two 'boxes' on top of one another; shorter passages can appear less daunting to read. ","If it were a physical print, I'd still prefer the traditional Passage 1 format over the Passage 2 format, as I dislike having so much negative space (for Passage 2) in printed form. I feel like the abundance of negative space would affect my concentration, but I'm not sure about the validity of that statement without actually printing it out and trying it. "
15,1999-03-05,"Bachelor's degree (BS, BA, BE, ...",University of Michigan,Asian,Female,English,Information Sciences,0,Linear Text,The Hearing of the Barn Owl,ACT Natural Sciences,5,0.5,255,After 1 Week,24,0.17142857142857143,"The barn owl's most distinct feature is its face. However, it has very acute hearing. It was previously thought that humans had the best hearing in the animal kingdom, but barn owl's have the same hearing acuity in the horizontal dimension as humans, and three times the hearing acuity in the vertical dimension when compared to humans. The vertical dimension of hearing is referred to as ""elevation"", and the horizontal dimension is referred to as the ""azimuth"". Barn owls developed a good sense of hearing from the vertical dimension because they fly over their prey. Barn owls have feathers on their faces called ""troughs"" which are 2 inches wide and 9 inches long. Their face feathers are acoustically transparent. The hearing acuity of barn owls is so sharp that they are able to perceive slight movements of their prey even in the dark  they are able to adjust their talons to the slight changes of body movement in mice. Each neuron in the barn owl's brain captures only one specific dimension of hearing. ",10,1,17.8465,Hybrid Map,Both,Passage 2 uses chunking and visually separates all the information for you. ,"I think it depends on context. The format of passage 2 would be helpful if it's for something like one-off passages for high school/college english courses or SAT/GRE/ACT tests, but it would be an inefficient way to read if it's in long-form content, such as a textbook. Even having multiple pages of this kind of reading could make the second style more tiring to some. "
15,1999-03-05,"Bachelor's degree (BS, BA, BE, ...",University of Michigan,Asian,Female,English,Information Sciences,1,Hybrid Map,How to Watch Television,ACT Social Sciences,8,0.8888888888888888,65,Immediately,20,0.35714285714285715,"The author of this article is incredibly critical of the television news format. Though they are critical of the production decisions, in some ways they are also critical of the viewer (to a slightly lesser degree). Viewers are only able to receive news in fragments called ""Now...this"", and aren't really expected (by television productions) to be able to retain their attention for long. The ""cast"" of the news production must be made of attractive individuals, which can not be over 50, balding, or anything otherwise against conventional beauty standards. The author, for some reason, compares their firings to ancient times, where people could be killed for not being acceptable of some standard. One chunk also speaks of Christine Craft, who was hired for having an ""acceptable appearance"" in January 1981, and was fired in August 1981 because viewers found her to be not attractive enough to be a credible source of information. Essentially, because news production doesn't believe their viewers can retain attention unless pretty people are talking to them, the viewers end up not being able to as a self fulfilling prophecy. ",9,1,44.3579,Hybrid Map,Both,"The second passage was easier to go through because of chunking, and I think it was faster to scroll horizontally than vertically. ","If I were reading digitally, I'd prefer the second passage. But if I were reading it on a physical document, I'd prefer the format of the first passage. For physical documents, I'd be able to highlight + add visual flairs to important information to bring information to my attention, and I don't really like to have too much white space for physical academic documents. "
15,1999-03-05,"Bachelor's degree (BS, BA, BE, ...",University of Michigan,Asian,Female,English,Information Sciences,1,Hybrid Map,How to Watch Television,ACT Social Sciences,8,0.8888888888888888,65,After 3 Days,17,0.30357142857142855,"""Now...this"" segments are short snippets of television news that are entirely disconnected from one another. Because viewers aren't expected to stay in front of their television sets all the time, television news broadcasts have relegated themselves to these ""Now...this"" fragments due to presumably waning attention spans. The writer calls news anchors a ""cast"" and state that they are hired primarily for their physical attractiveness. They must adhere to conventional beauty standards, including being below 50, not balding, etc. To illustrate the apparent need for news anchors to be attractive, the writer cites an incident surrounding Christine Craft, who was hired in January 1981 and subsequently fired in August 1981. She filed a lawsuit against her company for sexism, and an investigation into the matter revealed that, because the audience didn't like how she physically looked, they therefore found her less credible as a source of information. The writer criticizes the ""Now...this"" segments and the television news industry as a whole. ",9,1,17.987783333333333,Hybrid Map,Both,"Passage 2 is easier to read in an online format where I can freely zoom in/out of the text and pan around the area. It also chunks the information into sizable paragraphs, and also makes the entire passage feel shorter by occasionally stacking two 'boxes' on top of one another; shorter passages can appear less daunting to read. ","If it were a physical print, I'd still prefer the traditional Passage 1 format over the Passage 2 format, as I dislike having so much negative space (for Passage 2) in printed form. I feel like the abundance of negative space would affect my concentration, but I'm not sure about the validity of that statement without actually printing it out and trying it. "
15,1999-03-05,"Bachelor's degree (BS, BA, BE, ...",University of Michigan,Asian,Female,English,Information Sciences,1,Hybrid Map,How to Watch Television,ACT Social Sciences,8,0.8888888888888888,65,After 1 Week,17,0.30357142857142855,"The author lambasts the ""Now...this"" segments of broadcast television news. ""Now...this"" segments are typically 8 minutes long and have nothing to do with either the previous or subsequent ""Now...this"" segments. The author posits that this is because the producers of these news shows do not expect their viewers to be able to pay attention for long periods of time, and may in fact be roaming in and out of the room in which the television set is. The author also refers to the news anchors as a ""cast"" of talking wigs(?) to indicate that they are only hired for their looks. Drawing upon an example of a former female news anchor, Christine Craft(?), the author speaks of Christine's experience being hired in January 1981 and subsequently fired in August 1981 because the audience didn't like the way she looked. After filing a sexism lawsuit against the network, it was discovered that the audience thought the information she was presenting was less credible simply because they didn't find her as attractive. Therefore, the author explains that the ""cast"" of anchors must be conventionally attractive  under 50, not balding, etc. The author seems to be critical of the way the news is being presented in the current television era. ",9,1,17.8465,Hybrid Map,Both,Passage 2 uses chunking and visually separates all the information for you. ,"I think it depends on context. The format of passage 2 would be helpful if it's for something like one-off passages for high school/college english courses or SAT/GRE/ACT tests, but it would be an inefficient way to read if it's in long-form content, such as a textbook. Even having multiple pages of this kind of reading could make the second style more tiring to some. "
16,2000-08-12,"Bachelor's degree (BS, BA, BE, ...",University of Michigan,Asian,Female,English,Cognitive Science and Biopsychology,0,Hybrid Map,The Hearing of the Barn Owl,ACT Natural Sciences,3,0.3,131,Immediately,11,0.07857142857142857,"owls hunt from sound perception in the horizontal and vertical direction
owl's facial structure permits optimal sound perception
owls only map a small region of sound perception
owls hunt with great accuracy using sound",8,0.8,35.8712,Linear Text,Both,traditional format,"depends on the content, different kinds of info organization can be helpful"
16,2000-08-12,"Bachelor's degree (BS, BA, BE, ...",University of Michigan,Asian,Female,English,Cognitive Science and Biopsychology,1,Linear Text,How to Watch Television,ACT Social Sciences,0,0,105,Immediately,5,0.08928571428571429,"TV is more about image viewing rather than information receiving
news broadcast has placed more emphasis on getting the most viewers and presenting their image rather than delivering accurate information
the audience makes judgments of accuracy and truthfulness of the news not on the source or the news itself, but more on the broadcaster",9,1,35.8712,Linear Text,Both,traditional format,"depends on the content, different kinds of info organization can be helpful"